Product URL,Product Name,Product Price,Rating,Number of Reviews,ASIN,Description,Manufacturer
https://www.amazon.in/American-Tourister-AMT-SCH-02/dp/B07CJCGM1M/ref=sr_1_1?crid=2M096C61O4MLT&keywords=bags&qid=1690094631&sprefix=ba%2Caps%2C283&sr=8-1,American Tourister Fizz Large Size 32 Ltrs Casual Backpack (BLACK),"₹1,199",4.0,54975,,,
https://www.amazon.in/Wesley-Milestone-Waterproof-Backpack-Business/dp/B084JGJ8PF/ref=ice_ac_b_dpb?crid=2M096C61O4MLT&keywords=bags&qid=1690094631&sprefix=ba%2Caps%2C283&sr=8-2,Wesley Milestone 2.0 Casual Waterproof Laptop Backpack/Office Bag/School Bag/College Bag/Business Bag/Travel Backpack (Dimensions:13x18 inches) (Compatible with 39.62cm(15.6inch laptop) 30 L (Blue & black),₹550,4.3,11828,,,
https://www.amazon.in/Half-Moon-Backpack-Luggage-Compartment/dp/B09VCLZ3K4/ref=sr_1_3?crid=2M096C61O4MLT&keywords=bags&qid=1690094631&sprefix=ba%2Caps%2C283&sr=8-3,Half Moon Large 37L Laptop Bag Backpack for menं Women Boys and Girls Luggage Travel Bags with 17.3 inches Laptop Compartment & Rain Cover,₹849,3.9,3218,B09VCLZ3K4,Half Moon Large 37L Laptop Bag Backpack for menं Women Boys and Girls Luggage Travel Bags with 17.3 inches Laptop Compartment & Rain Cover,Visit the Half Moon Store
https://www.amazon.in/Skybags-Brat-Black-Casual-Backpack/dp/B08Z1HHHTD/ref=sr_1_4?crid=2M096C61O4MLT&keywords=bags&qid=1690094631&sprefix=ba%2Caps%2C283&sr=8-4,Skybags Brat Black 46 Cms Casual Backpack,₹669,4.1,5173,,,
https://www.amazon.in/Gear-Classic-Leather-Backpack-LBPCLSLTH0201/dp/B07G4F6XFH/ref=sr_1_5?crid=2M096C61O4MLT&keywords=bags&qid=1690094631&sprefix=ba%2Caps%2C283&sr=8-5,Gear Classic 20L Faux Leather Water Resistant Anti Theft Laptop Bag/Backpack for Men/Women (Brown),₹987,4.4,5915,,,
https://www.amazon.in/Half-Moon-Waterproof-Backpack-Students/dp/B085MHDJ93/ref=sr_1_6?crid=2M096C61O4MLT&keywords=bags&qid=1690094631&sprefix=ba%2Caps%2C283&sr=8-6,"Half Moon 35 Ltrs Water Resistant 15.6 inch Laptop Bag for Men/Backpack for Men, Navy Blue | Office Bag for Men/Office Bag for Women with Padded Laptop Compartment | Rain Cover & Reflective Strips",₹649,3.9,16569,,,
https://www.amazon.in/NORTH-ZONE-Waterproof-Backpack-Dimensions/dp/B0BS6QQZYN/ref=sr_1_7?crid=2M096C61O4MLT&keywords=bags&qid=1690094631&sprefix=ba%2Caps%2C283&sr=8-7,NORTH ZONE Casual Waterproof Laptop Backpack/Office Bag/School Bag/College Bag/Business Bag/Travel Backpack (Dimensions:13x18 inches) (Compatible with 39.62cm(15.6inch laptop) 30 L,₹499,4.0,475,,,
https://www.amazon.in/TRUE-HUMAN-Anti-Theft-backpack-charging/dp/B09QJ7ZF2Y/ref=sr_1_8?crid=2M096C61O4MLT&keywords=bags&qid=1690094631&sprefix=ba%2Caps%2C283&sr=8-8,"TRUE HUMAN Emperor Anti-Theft backpack With USB charging Port Laptop Bag, Office bag, college bag and anti -theft back pocket (Black)",₹689,3.8,2304,,,
https://www.amazon.in/Half-Moon-Resistant-Backpack-Compartment/dp/B0BJ32LQ6X/ref=sr_1_9?crid=2M096C61O4MLT&keywords=bags&qid=1690094631&sprefix=ba%2Caps%2C283&sr=8-9,Half Moon Large 37L Laptop Bag Backpack for menं Women Boys and Girls Luggage Travel Bags with 17.3 inches Laptop Compartment & Rain Cover,₹849,3.9,3218,,,
https://www.amazon.in/Gear-Black-Laptop-Backpack-LBPASPIRE0104/dp/B075MK4TXP/ref=sr_1_10?crid=2M096C61O4MLT&keywords=bags&qid=1690094631&sprefix=ba%2Caps%2C283&sr=8-10,Gear Cello 30 Ltrs Black Laptop Backpack (LBPASPIRE0104),"₹1,125",4.4,5906,,,
https://www.amazon.in/Nelle-Harper-Womens-Sling-Green/dp/B07JGQM7DC/ref=sr_1_11?crid=2M096C61O4MLT&keywords=bags&qid=1690094631&sprefix=ba%2Caps%2C283&sr=8-11,Nelle Harper Women's Handbag,₹809,3.7,1904,,,
https://www.amazon.in/Lunars-Bingo-Laptop-Resistant-48L/dp/B08YZ8FFBZ/ref=sr_1_12?crid=2M096C61O4MLT&keywords=bags&qid=1690094631&sprefix=ba%2Caps%2C283&sr=8-12,Lunar's Bingo - 48 L Laptop Office/School/Travel/Business Backpack Water Resistant - Fits Up to 15.6 Inch Laptop Notebook with 1 Year Warranty,₹899,3.9,9890,,,
https://www.amazon.in/gp/bestsellers/luggage/2917507031/ref=sr_bs_12_2917507031_1,Sfane Polyester 23cms Duffle/Shoulder/Gym Bag for Men & Women with Separate Shoe Compartment (Grey),₹427,4.3,7619,,,
https://www.amazon.in/Wesley-Spartan-Hiking-Raincover-Organiser/dp/B098QFF5TJ/ref=sr_1_14?crid=2M096C61O4MLT&keywords=bags&qid=1690094631&sprefix=ba%2Caps%2C283&sr=8-14,Wesley Spartan Unisex Travel Hiking Laptop Bag fits Upto 17.3 inch with Raincover and Internal Organiser Backpack Rucksack College Bag,₹749,4.1,1552,,,
https://www.amazon.in/gp/bestsellers/computers/1375464031/ref=sr_bs_14_1375464031_1,"American Tourister VALEX BLACK LAPTOP BACKPACK 28 Ltrs,Volume, LAPTOP COMPARTMENT, BOTTLE POCKET, FRONT ORGANIZER","₹1,199",4.3,549,,,
https://www.amazon.in/SAFARI-Ltrs-Casual-Backpack-DAYPACKNEO15CBSEB/dp/B07Q7CNPMV/ref=sr_1_16?crid=2M096C61O4MLT&keywords=bags&qid=1690094631&sprefix=ba%2Caps%2C283&sr=8-16,Safari Compact Size 15 Ltrs Casual Backpack For Unisex Adult - Sea Blue,₹248,4.0,19995,,,
https://www.amazon.in/American-Tourister-AMT-SCH-02/dp/B07CJCGM1M/ref=sr_1_1?crid=2M096C61O4MLT&keywords=bags&qid=1690094633&sprefix=ba%2Caps%2C283&sr=8-1,American Tourister Fizz Large Size 32 Ltrs Casual Backpack (BLACK),"₹1,199",4.0,54975,,,
https://www.amazon.in/Wesley-Milestone-Waterproof-Backpack-Business/dp/B084JGJ8PF/ref=ice_ac_b_dpb?crid=2M096C61O4MLT&keywords=bags&qid=1690094633&sprefix=ba%2Caps%2C283&sr=8-2,Wesley Milestone 2.0 Casual Waterproof Laptop Backpack/Office Bag/School Bag/College Bag/Business Bag/Travel Backpack (Dimensions:13x18 inches) (Compatible with 39.62cm(15.6inch laptop) 30 L (Blue & black),₹550,4.3,11828,,,
https://www.amazon.in/Half-Moon-Backpack-Luggage-Compartment/dp/B09VCLZ3K4/ref=sr_1_3?crid=2M096C61O4MLT&keywords=bags&qid=1690094633&sprefix=ba%2Caps%2C283&sr=8-3,Half Moon Large 37L Laptop Bag Backpack for menं Women Boys and Girls Luggage Travel Bags with 17.3 inches Laptop Compartment & Rain Cover,₹849,3.9,3218,,,
https://www.amazon.in/Skybags-Brat-Black-Casual-Backpack/dp/B08Z1HHHTD/ref=sr_1_4?crid=2M096C61O4MLT&keywords=bags&qid=1690094633&sprefix=ba%2Caps%2C283&sr=8-4,Skybags Brat Black 46 Cms Casual Backpack,₹669,4.1,5173,,,
https://www.amazon.in/Gear-Classic-Leather-Backpack-LBPCLSLTH0201/dp/B07G4F6XFH/ref=sr_1_5?crid=2M096C61O4MLT&keywords=bags&qid=1690094633&sprefix=ba%2Caps%2C283&sr=8-5,Gear Classic 20L Faux Leather Water Resistant Anti Theft Laptop Bag/Backpack for Men/Women (Brown),₹987,4.4,5915,,,
https://www.amazon.in/Half-Moon-Waterproof-Backpack-Students/dp/B085MHDJ93/ref=sr_1_6?crid=2M096C61O4MLT&keywords=bags&qid=1690094633&sprefix=ba%2Caps%2C283&sr=8-6,"Half Moon 35 Ltrs Water Resistant 15.6 inch Laptop Bag for Men/Backpack for Men, Navy Blue | Office Bag for Men/Office Bag for Women with Padded Laptop Compartment | Rain Cover & Reflective Strips",₹649,3.9,16569,,,
https://www.amazon.in/NORTH-ZONE-Waterproof-Backpack-Dimensions/dp/B0BS6QQZYN/ref=sr_1_7?crid=2M096C61O4MLT&keywords=bags&qid=1690094633&sprefix=ba%2Caps%2C283&sr=8-7,NORTH ZONE Casual Waterproof Laptop Backpack/Office Bag/School Bag/College Bag/Business Bag/Travel Backpack (Dimensions:13x18 inches) (Compatible with 39.62cm(15.6inch laptop) 30 L,₹499,4.0,475,,,
https://www.amazon.in/TRUE-HUMAN-Anti-Theft-backpack-charging/dp/B09QJ7ZF2Y/ref=sr_1_8?crid=2M096C61O4MLT&keywords=bags&qid=1690094633&sprefix=ba%2Caps%2C283&sr=8-8,"TRUE HUMAN Emperor Anti-Theft backpack With USB charging Port Laptop Bag, Office bag, college bag and anti -theft back pocket (Black)",₹689,3.8,2304,,,
https://www.amazon.in/Gear-Black-Laptop-Backpack-LBPASPIRE0104/dp/B075MK4TXP/ref=sr_1_9?crid=2M096C61O4MLT&keywords=bags&qid=1690094633&sprefix=ba%2Caps%2C283&sr=8-9,Gear Cello 30 Ltrs Black Laptop Backpack (LBPASPIRE0104),"₹1,125",4.4,5906,,,
https://www.amazon.in/Nelle-Harper-Womens-Sling-Green/dp/B07JGQM7DC/ref=sr_1_10?crid=2M096C61O4MLT&keywords=bags&qid=1690094633&sprefix=ba%2Caps%2C283&sr=8-10,Nelle Harper Women's Handbag,₹809,3.7,1904,B07JGQM7DC,Nelle Harper Women's Handbag,Visit the Nelle Harper Store
https://www.amazon.in/Lunars-Bingo-Laptop-Resistant-48L/dp/B08YZ8FFBZ/ref=sr_1_11?crid=2M096C61O4MLT&keywords=bags&qid=1690094633&sprefix=ba%2Caps%2C283&sr=8-11,Lunar's Bingo - 48 L Laptop Office/School/Travel/Business Backpack Water Resistant - Fits Up to 15.6 Inch Laptop Notebook with 1 Year Warranty,₹899,3.9,9890,,,
https://www.amazon.in/Wesley-Spartan-Hiking-Raincover-Organiser/dp/B098QFF5TJ/ref=sr_1_12?crid=2M096C61O4MLT&keywords=bags&qid=1690094633&sprefix=ba%2Caps%2C283&sr=8-12,Wesley Spartan Unisex Travel Hiking Laptop Bag fits Upto 17.3 inch with Raincover and Internal Organiser Backpack Rucksack College Bag,₹749,4.1,1552,,,
https://www.amazon.in/gp/bestsellers/computers/1375464031/ref=sr_bs_12_1375464031_1,"American Tourister VALEX BLACK LAPTOP BACKPACK 28 Ltrs,Volume, LAPTOP COMPARTMENT, BOTTLE POCKET, FRONT ORGANIZER","₹1,199",4.3,549,,,
https://www.amazon.in/SAFARI-Ltrs-Casual-Backpack-DAYPACKNEO15CBSEB/dp/B07Q7CNPMV/ref=sr_1_14?crid=2M096C61O4MLT&keywords=bags&qid=1690094633&sprefix=ba%2Caps%2C283&sr=8-14,Safari Compact Size 15 Ltrs Casual Backpack For Unisex Adult - Sea Blue,₹248,4.0,19995,,,
https://www.amazon.in/NORTH-ZONE-Lightweight-Backpacks-Stylish/dp/B0BL3TVDK6/ref=sr_1_15?crid=2M096C61O4MLT&keywords=bags&qid=1690094633&sprefix=ba%2Caps%2C283&sr=8-15,Northzone Lightweight school bags Backpacks for Boys Girls Stylish men and women Casual Travel Laptop Bag College office (Black) 40L,₹415,4.0,121,,,
https://www.amazon.in/Lenovo-15-6-Inches-Everyday-Backpack/dp/B08R7RPVJF/ref=sr_1_16?crid=2M096C61O4MLT&keywords=bags&qid=1690094633&sprefix=ba%2Caps%2C283&sr=8-16,"Lenovo 15.6"" (39.62cm) Slim Everyday Backpack, Made in India, Compact, Water-resistant, Organized storage:Laptop sleeve,tablet pocket,front workstation,2-side pockets,Padded adjustable shoulder straps",₹839,4.3,3689,,,
https://www.amazon.in/American-Tourister-AMT-SCH-02/dp/B07CJCGM1M/ref=sr_1_1?crid=2M096C61O4MLT&keywords=bags&qid=1690094634&sprefix=ba%2Caps%2C283&sr=8-1,American Tourister Fizz Large Size 32 Ltrs Casual Backpack (BLACK),"₹1,199",4.0,54975,,,
https://www.amazon.in/Wesley-Milestone-Waterproof-Backpack-Business/dp/B084JGJ8PF/ref=ice_ac_b_dpb?crid=2M096C61O4MLT&keywords=bags&qid=1690094634&sprefix=ba%2Caps%2C283&sr=8-2,Wesley Milestone 2.0 Casual Waterproof Laptop Backpack/Office Bag/School Bag/College Bag/Business Bag/Travel Backpack (Dimensions:13x18 inches) (Compatible with 39.62cm(15.6inch laptop) 30 L (Blue & black),₹550,4.3,11828,,,
https://www.amazon.in/Half-Moon-Backpack-Luggage-Compartment/dp/B09VCLZ3K4/ref=sr_1_3?crid=2M096C61O4MLT&keywords=bags&qid=1690094634&sprefix=ba%2Caps%2C283&sr=8-3,Half Moon Large 37L Laptop Bag Backpack for menं Women Boys and Girls Luggage Travel Bags with 17.3 inches Laptop Compartment & Rain Cover,₹849,3.9,3218,,,
https://www.amazon.in/Skybags-Brat-Black-Casual-Backpack/dp/B08Z1HHHTD/ref=sr_1_4?crid=2M096C61O4MLT&keywords=bags&qid=1690094634&sprefix=ba%2Caps%2C283&sr=8-4,Skybags Brat Black 46 Cms Casual Backpack,₹669,4.1,5173,,,
https://www.amazon.in/Gear-Classic-Leather-Backpack-LBPCLSLTH0201/dp/B07G4F6XFH/ref=sr_1_5?crid=2M096C61O4MLT&keywords=bags&qid=1690094634&sprefix=ba%2Caps%2C283&sr=8-5,Gear Classic 20L Faux Leather Water Resistant Anti Theft Laptop Bag/Backpack for Men/Women (Brown),₹987,4.4,5915,,,
https://www.amazon.in/Half-Moon-Waterproof-Backpack-Students/dp/B085MHDJ93/ref=sr_1_6?crid=2M096C61O4MLT&keywords=bags&qid=1690094634&sprefix=ba%2Caps%2C283&sr=8-6,"Half Moon 35 Ltrs Water Resistant 15.6 inch Laptop Bag for Men/Backpack for Men, Navy Blue | Office Bag for Men/Office Bag for Women with Padded Laptop Compartment | Rain Cover & Reflective Strips",₹649,3.9,16569,,,
https://www.amazon.in/NORTH-ZONE-Waterproof-Backpack-Dimensions/dp/B0BS6QQZYN/ref=sr_1_7?crid=2M096C61O4MLT&keywords=bags&qid=1690094634&sprefix=ba%2Caps%2C283&sr=8-7,NORTH ZONE Casual Waterproof Laptop Backpack/Office Bag/School Bag/College Bag/Business Bag/Travel Backpack (Dimensions:13x18 inches) (Compatible with 39.62cm(15.6inch laptop) 30 L,₹499,4.0,475,,,
https://www.amazon.in/TRUE-HUMAN-Anti-Theft-backpack-charging/dp/B09QJ7ZF2Y/ref=sr_1_8?crid=2M096C61O4MLT&keywords=bags&qid=1690094634&sprefix=ba%2Caps%2C283&sr=8-8,"TRUE HUMAN Emperor Anti-Theft backpack With USB charging Port Laptop Bag, Office bag, college bag and anti -theft back pocket (Black)",₹689,3.8,2304,,,
https://www.amazon.in/Gear-Black-Laptop-Backpack-LBPASPIRE0104/dp/B075MK4TXP/ref=sr_1_9?crid=2M096C61O4MLT&keywords=bags&qid=1690094634&sprefix=ba%2Caps%2C283&sr=8-9,Gear Cello 30 Ltrs Black Laptop Backpack (LBPASPIRE0104),"₹1,125",4.4,5906,,,
https://www.amazon.in/Nelle-Harper-Womens-Sling-Green/dp/B07JGQM7DC/ref=sr_1_10?crid=2M096C61O4MLT&keywords=bags&qid=1690094634&sprefix=ba%2Caps%2C283&sr=8-10,Nelle Harper Women's Handbag,₹809,3.7,1904,,,
https://www.amazon.in/Lunars-Bingo-Laptop-Resistant-48L/dp/B08YZ8FFBZ/ref=sr_1_11?crid=2M096C61O4MLT&keywords=bags&qid=1690094634&sprefix=ba%2Caps%2C283&sr=8-11,Lunar's Bingo - 48 L Laptop Office/School/Travel/Business Backpack Water Resistant - Fits Up to 15.6 Inch Laptop Notebook with 1 Year Warranty,₹899,3.9,9890,,,
https://www.amazon.in/gp/bestsellers/luggage/2917507031/ref=sr_bs_11_2917507031_1,Sfane Polyester 23cms Duffle/Shoulder/Gym Bag for Men & Women with Separate Shoe Compartment (Grey),₹427,4.3,7619,,,
https://www.amazon.in/Wesley-Spartan-Hiking-Raincover-Organiser/dp/B098QFF5TJ/ref=sr_1_13?crid=2M096C61O4MLT&keywords=bags&qid=1690094634&sprefix=ba%2Caps%2C283&sr=8-13,Wesley Spartan Unisex Travel Hiking Laptop Bag fits Upto 17.3 inch with Raincover and Internal Organiser Backpack Rucksack College Bag,₹749,4.1,1552,,,
https://www.amazon.in/gp/bestsellers/computers/1375464031/ref=sr_bs_13_1375464031_1,"American Tourister VALEX BLACK LAPTOP BACKPACK 28 Ltrs,Volume, LAPTOP COMPARTMENT, BOTTLE POCKET, FRONT ORGANIZER","₹1,199",4.3,549,,,
https://www.amazon.in/SAFARI-Ltrs-Casual-Backpack-DAYPACKNEO15CBSEB/dp/B07Q7CNPMV/ref=sr_1_15?crid=2M096C61O4MLT&keywords=bags&qid=1690094634&sprefix=ba%2Caps%2C283&sr=8-15,Safari Compact Size 15 Ltrs Casual Backpack For Unisex Adult - Sea Blue,₹248,4.0,19995,,,
https://www.amazon.in/NORTH-ZONE-Lightweight-Backpacks-Stylish/dp/B0BL3TVDK6/ref=sr_1_16?crid=2M096C61O4MLT&keywords=bags&qid=1690094634&sprefix=ba%2Caps%2C283&sr=8-16,Northzone Lightweight school bags Backpacks for Boys Girls Stylish men and women Casual Travel Laptop Bag College office (Black) 40L,₹415,4.0,121,,,
https://www.amazon.in/American-Tourister-AMT-SCH-02/dp/B07CJCGM1M/ref=sr_1_1?crid=2M096C61O4MLT&keywords=bags&qid=1690094635&sprefix=ba%2Caps%2C283&sr=8-1,American Tourister Fizz Large Size 32 Ltrs Casual Backpack (BLACK),"₹1,199",4.0,54975,,,
https://www.amazon.in/Wesley-Milestone-Waterproof-Backpack-Business/dp/B084JGJ8PF/ref=ice_ac_b_dpb?crid=2M096C61O4MLT&keywords=bags&qid=1690094635&sprefix=ba%2Caps%2C283&sr=8-2,Wesley Milestone 2.0 Casual Waterproof Laptop Backpack/Office Bag/School Bag/College Bag/Business Bag/Travel Backpack (Dimensions:13x18 inches) (Compatible with 39.62cm(15.6inch laptop) 30 L (Blue & black),₹550,4.3,11828,,,
https://www.amazon.in/Half-Moon-Backpack-Luggage-Compartment/dp/B09VCLZ3K4/ref=sr_1_3?crid=2M096C61O4MLT&keywords=bags&qid=1690094635&sprefix=ba%2Caps%2C283&sr=8-3,Half Moon Large 37L Laptop Bag Backpack for menं Women Boys and Girls Luggage Travel Bags with 17.3 inches Laptop Compartment & Rain Cover,₹849,3.9,3218,,,
https://www.amazon.in/Skybags-Brat-Black-Casual-Backpack/dp/B08Z1HHHTD/ref=sr_1_4?crid=2M096C61O4MLT&keywords=bags&qid=1690094635&sprefix=ba%2Caps%2C283&sr=8-4,Skybags Brat Black 46 Cms Casual Backpack,₹669,4.1,5173,,,
https://www.amazon.in/Gear-Classic-Leather-Backpack-LBPCLSLTH0201/dp/B07G4F6XFH/ref=sr_1_5?crid=2M096C61O4MLT&keywords=bags&qid=1690094635&sprefix=ba%2Caps%2C283&sr=8-5,Gear Classic 20L Faux Leather Water Resistant Anti Theft Laptop Bag/Backpack for Men/Women (Brown),₹987,4.4,5915,,,
https://www.amazon.in/Half-Moon-Waterproof-Backpack-Students/dp/B085MHDJ93/ref=sr_1_6?crid=2M096C61O4MLT&keywords=bags&qid=1690094635&sprefix=ba%2Caps%2C283&sr=8-6,"Half Moon 35 Ltrs Water Resistant 15.6 inch Laptop Bag for Men/Backpack for Men, Navy Blue | Office Bag for Men/Office Bag for Women with Padded Laptop Compartment | Rain Cover & Reflective Strips",₹649,3.9,16569,,,
https://www.amazon.in/NORTH-ZONE-Waterproof-Backpack-Dimensions/dp/B0BS6QQZYN/ref=sr_1_7?crid=2M096C61O4MLT&keywords=bags&qid=1690094635&sprefix=ba%2Caps%2C283&sr=8-7,NORTH ZONE Casual Waterproof Laptop Backpack/Office Bag/School Bag/College Bag/Business Bag/Travel Backpack (Dimensions:13x18 inches) (Compatible with 39.62cm(15.6inch laptop) 30 L,₹499,4.0,475,,,
https://www.amazon.in/TRUE-HUMAN-Anti-Theft-backpack-charging/dp/B09QJ7ZF2Y/ref=sr_1_8?crid=2M096C61O4MLT&keywords=bags&qid=1690094635&sprefix=ba%2Caps%2C283&sr=8-8,"TRUE HUMAN Emperor Anti-Theft backpack With USB charging Port Laptop Bag, Office bag, college bag and anti -theft back pocket (Black)",₹689,3.8,2304,,,
https://www.amazon.in/Half-Moon-Resistant-Backpack-Compartment/dp/B0BJ32LQ6X/ref=sr_1_9?crid=2M096C61O4MLT&keywords=bags&qid=1690094635&sprefix=ba%2Caps%2C283&sr=8-9,Half Moon Large 37L Laptop Bag Backpack for menं Women Boys and Girls Luggage Travel Bags with 17.3 inches Laptop Compartment & Rain Cover,₹849,3.9,3218,,,
https://www.amazon.in/Gear-Black-Laptop-Backpack-LBPASPIRE0104/dp/B075MK4TXP/ref=sr_1_10?crid=2M096C61O4MLT&keywords=bags&qid=1690094635&sprefix=ba%2Caps%2C283&sr=8-10,Gear Cello 30 Ltrs Black Laptop Backpack (LBPASPIRE0104),"₹1,125",4.4,5906,,,
https://www.amazon.in/Nelle-Harper-Womens-Sling-Green/dp/B07JGQM7DC/ref=sr_1_11?crid=2M096C61O4MLT&keywords=bags&qid=1690094635&sprefix=ba%2Caps%2C283&sr=8-11,Nelle Harper Women's Handbag,₹809,3.7,1904,,,
https://www.amazon.in/Lunars-Bingo-Laptop-Resistant-48L/dp/B08YZ8FFBZ/ref=sr_1_12?crid=2M096C61O4MLT&keywords=bags&qid=1690094635&sprefix=ba%2Caps%2C283&sr=8-12,Lunar's Bingo - 48 L Laptop Office/School/Travel/Business Backpack Water Resistant - Fits Up to 15.6 Inch Laptop Notebook with 1 Year Warranty,₹899,3.9,9890,,,
https://www.amazon.in/Wesley-Spartan-Hiking-Raincover-Organiser/dp/B098QFF5TJ/ref=sr_1_13?crid=2M096C61O4MLT&keywords=bags&qid=1690094635&sprefix=ba%2Caps%2C283&sr=8-13,Wesley Spartan Unisex Travel Hiking Laptop Bag fits Upto 17.3 inch with Raincover and Internal Organiser Backpack Rucksack College Bag,₹749,4.1,1552,,,
https://www.amazon.in/gp/bestsellers/computers/1375464031/ref=sr_bs_13_1375464031_1,"American Tourister VALEX BLACK LAPTOP BACKPACK 28 Ltrs,Volume, LAPTOP COMPARTMENT, BOTTLE POCKET, FRONT ORGANIZER","₹1,199",4.3,549,,,
https://www.amazon.in/SAFARI-Ltrs-Casual-Backpack-DAYPACKNEO15CBSEB/dp/B07Q7CNPMV/ref=sr_1_15?crid=2M096C61O4MLT&keywords=bags&qid=1690094635&sprefix=ba%2Caps%2C283&sr=8-15,Safari Compact Size 15 Ltrs Casual Backpack For Unisex Adult - Sea Blue,₹248,4.0,19995,,,
https://www.amazon.in/NORTH-ZONE-Lightweight-Backpacks-Stylish/dp/B0BL3TVDK6/ref=sr_1_16?crid=2M096C61O4MLT&keywords=bags&qid=1690094635&sprefix=ba%2Caps%2C283&sr=8-16,Northzone Lightweight school bags Backpacks for Boys Girls Stylish men and women Casual Travel Laptop Bag College office (Black) 40L,₹415,4.0,121,,,
https://www.amazon.in/American-Tourister-AMT-SCH-02/dp/B07CJCGM1M/ref=sr_1_1?crid=2M096C61O4MLT&keywords=bags&qid=1690094637&sprefix=ba%2Caps%2C283&sr=8-1,American Tourister Fizz Large Size 32 Ltrs Casual Backpack (BLACK),"₹1,199",4.0,54975,,,
https://www.amazon.in/Wesley-Milestone-Waterproof-Backpack-Business/dp/B084JGJ8PF/ref=ice_ac_b_dpb?crid=2M096C61O4MLT&keywords=bags&qid=1690094637&sprefix=ba%2Caps%2C283&sr=8-2,Wesley Milestone 2.0 Casual Waterproof Laptop Backpack/Office Bag/School Bag/College Bag/Business Bag/Travel Backpack (Dimensions:13x18 inches) (Compatible with 39.62cm(15.6inch laptop) 30 L (Blue & black),₹550,4.3,11828,,,
https://www.amazon.in/Half-Moon-Backpack-Luggage-Compartment/dp/B09VCLZ3K4/ref=sr_1_3?crid=2M096C61O4MLT&keywords=bags&qid=1690094637&sprefix=ba%2Caps%2C283&sr=8-3,Half Moon Large 37L Laptop Bag Backpack for menं Women Boys and Girls Luggage Travel Bags with 17.3 inches Laptop Compartment & Rain Cover,₹849,3.9,3218,,,
https://www.amazon.in/Skybags-Brat-Black-Casual-Backpack/dp/B08Z1HHHTD/ref=sr_1_4?crid=2M096C61O4MLT&keywords=bags&qid=1690094637&sprefix=ba%2Caps%2C283&sr=8-4,Skybags Brat Black 46 Cms Casual Backpack,₹669,4.1,5173,,,
https://www.amazon.in/Gear-Classic-Leather-Backpack-LBPCLSLTH0201/dp/B07G4F6XFH/ref=sr_1_5?crid=2M096C61O4MLT&keywords=bags&qid=1690094637&sprefix=ba%2Caps%2C283&sr=8-5,Gear Classic 20L Faux Leather Water Resistant Anti Theft Laptop Bag/Backpack for Men/Women (Brown),₹987,4.4,5915,,,
https://www.amazon.in/Half-Moon-Waterproof-Backpack-Students/dp/B085MHDJ93/ref=sr_1_6?crid=2M096C61O4MLT&keywords=bags&qid=1690094637&sprefix=ba%2Caps%2C283&sr=8-6,"Half Moon 35 Ltrs Water Resistant 15.6 inch Laptop Bag for Men/Backpack for Men, Navy Blue | Office Bag for Men/Office Bag for Women with Padded Laptop Compartment | Rain Cover & Reflective Strips",₹649,3.9,16569,,,
https://www.amazon.in/NORTH-ZONE-Waterproof-Backpack-Dimensions/dp/B0BS6QQZYN/ref=sr_1_7?crid=2M096C61O4MLT&keywords=bags&qid=1690094637&sprefix=ba%2Caps%2C283&sr=8-7,NORTH ZONE Casual Waterproof Laptop Backpack/Office Bag/School Bag/College Bag/Business Bag/Travel Backpack (Dimensions:13x18 inches) (Compatible with 39.62cm(15.6inch laptop) 30 L,₹499,4.0,475,,,
https://www.amazon.in/TRUE-HUMAN-Anti-Theft-backpack-charging/dp/B09QJ7ZF2Y/ref=sr_1_8?crid=2M096C61O4MLT&keywords=bags&qid=1690094637&sprefix=ba%2Caps%2C283&sr=8-8,"TRUE HUMAN Emperor Anti-Theft backpack With USB charging Port Laptop Bag, Office bag, college bag and anti -theft back pocket (Black)",₹689,3.8,2304,,,
https://www.amazon.in/Half-Moon-Resistant-Backpack-Compartment/dp/B0BJ32LQ6X/ref=sr_1_9?crid=2M096C61O4MLT&keywords=bags&qid=1690094637&sprefix=ba%2Caps%2C283&sr=8-9,Half Moon Large 37L Laptop Bag Backpack for menं Women Boys and Girls Luggage Travel Bags with 17.3 inches Laptop Compartment & Rain Cover,₹849,3.9,3218,,,
https://www.amazon.in/Gear-Black-Laptop-Backpack-LBPASPIRE0104/dp/B075MK4TXP/ref=sr_1_10?crid=2M096C61O4MLT&keywords=bags&qid=1690094637&sprefix=ba%2Caps%2C283&sr=8-10,Gear Cello 30 Ltrs Black Laptop Backpack (LBPASPIRE0104),"₹1,125",4.4,5906,,,
https://www.amazon.in/Nelle-Harper-Womens-Sling-Green/dp/B07JGQM7DC/ref=sr_1_11?crid=2M096C61O4MLT&keywords=bags&qid=1690094637&sprefix=ba%2Caps%2C283&sr=8-11,Nelle Harper Women's Handbag,₹809,3.7,1904,,,
https://www.amazon.in/Lunars-Bingo-Laptop-Resistant-48L/dp/B08YZ8FFBZ/ref=sr_1_12?crid=2M096C61O4MLT&keywords=bags&qid=1690094637&sprefix=ba%2Caps%2C283&sr=8-12,Lunar's Bingo - 48 L Laptop Office/School/Travel/Business Backpack Water Resistant - Fits Up to 15.6 Inch Laptop Notebook with 1 Year Warranty,₹899,3.9,9890,,,
https://www.amazon.in/Wesley-Spartan-Hiking-Raincover-Organiser/dp/B098QFF5TJ/ref=sr_1_13?crid=2M096C61O4MLT&keywords=bags&qid=1690094637&sprefix=ba%2Caps%2C283&sr=8-13,Wesley Spartan Unisex Travel Hiking Laptop Bag fits Upto 17.3 inch with Raincover and Internal Organiser Backpack Rucksack College Bag,₹749,4.1,1552,,,
https://www.amazon.in/gp/bestsellers/computers/1375464031/ref=sr_bs_13_1375464031_1,"American Tourister VALEX BLACK LAPTOP BACKPACK 28 Ltrs,Volume, LAPTOP COMPARTMENT, BOTTLE POCKET, FRONT ORGANIZER","₹1,199",4.3,549,,,
https://www.amazon.in/SAFARI-Ltrs-Casual-Backpack-DAYPACKNEO15CBSEB/dp/B07Q7CNPMV/ref=sr_1_15?crid=2M096C61O4MLT&keywords=bags&qid=1690094637&sprefix=ba%2Caps%2C283&sr=8-15,Safari Compact Size 15 Ltrs Casual Backpack For Unisex Adult - Sea Blue,₹248,4.0,19995,,,
https://www.amazon.in/NORTH-ZONE-Lightweight-Backpacks-Stylish/dp/B0BL3TVDK6/ref=sr_1_16?crid=2M096C61O4MLT&keywords=bags&qid=1690094637&sprefix=ba%2Caps%2C283&sr=8-16,Northzone Lightweight school bags Backpacks for Boys Girls Stylish men and women Casual Travel Laptop Bag College office (Black) 40L,₹415,4.0,121,B0BL3TVDK6,Northzone Lightweight school bags Backpacks for Boys Girls Stylish men and women Casual Travel Laptop Bag College office (Black) 40L,Brand: NORTH ZONE
https://www.amazon.in/American-Tourister-AMT-SCH-02/dp/B07CJCGM1M/ref=sr_1_1?crid=2M096C61O4MLT&keywords=bags&qid=1690094639&sprefix=ba%2Caps%2C283&sr=8-1,American Tourister Fizz Large Size 32 Ltrs Casual Backpack (BLACK),"₹1,199",4.0,54975,,,
https://www.amazon.in/Wesley-Milestone-Waterproof-Backpack-Business/dp/B084JGJ8PF/ref=ice_ac_b_dpb?crid=2M096C61O4MLT&keywords=bags&qid=1690094639&sprefix=ba%2Caps%2C283&sr=8-2,Wesley Milestone 2.0 Casual Waterproof Laptop Backpack/Office Bag/School Bag/College Bag/Business Bag/Travel Backpack (Dimensions:13x18 inches) (Compatible with 39.62cm(15.6inch laptop) 30 L (Blue & black),₹550,4.3,11828,,,
https://www.amazon.in/Half-Moon-Backpack-Luggage-Compartment/dp/B09VCLZ3K4/ref=sr_1_3?crid=2M096C61O4MLT&keywords=bags&qid=1690094639&sprefix=ba%2Caps%2C283&sr=8-3,Half Moon Large 37L Laptop Bag Backpack for menं Women Boys and Girls Luggage Travel Bags with 17.3 inches Laptop Compartment & Rain Cover,₹849,3.9,3218,,,
https://www.amazon.in/Skybags-Brat-Black-Casual-Backpack/dp/B08Z1HHHTD/ref=sr_1_4?crid=2M096C61O4MLT&keywords=bags&qid=1690094639&sprefix=ba%2Caps%2C283&sr=8-4,Skybags Brat Black 46 Cms Casual Backpack,₹669,4.1,5173,,,
https://www.amazon.in/Gear-Classic-Leather-Backpack-LBPCLSLTH0201/dp/B07G4F6XFH/ref=sr_1_5?crid=2M096C61O4MLT&keywords=bags&qid=1690094639&sprefix=ba%2Caps%2C283&sr=8-5,Gear Classic 20L Faux Leather Water Resistant Anti Theft Laptop Bag/Backpack for Men/Women (Brown),₹987,4.4,5915,,,
https://www.amazon.in/Half-Moon-Waterproof-Backpack-Students/dp/B085MHDJ93/ref=sr_1_6?crid=2M096C61O4MLT&keywords=bags&qid=1690094639&sprefix=ba%2Caps%2C283&sr=8-6,"Half Moon 35 Ltrs Water Resistant 15.6 inch Laptop Bag for Men/Backpack for Men, Navy Blue | Office Bag for Men/Office Bag for Women with Padded Laptop Compartment | Rain Cover & Reflective Strips",₹649,3.9,16569,,,
https://www.amazon.in/NORTH-ZONE-Waterproof-Backpack-Dimensions/dp/B0BS6QQZYN/ref=sr_1_7?crid=2M096C61O4MLT&keywords=bags&qid=1690094639&sprefix=ba%2Caps%2C283&sr=8-7,NORTH ZONE Casual Waterproof Laptop Backpack/Office Bag/School Bag/College Bag/Business Bag/Travel Backpack (Dimensions:13x18 inches) (Compatible with 39.62cm(15.6inch laptop) 30 L,₹499,4.0,475,,,
https://www.amazon.in/TRUE-HUMAN-Anti-Theft-backpack-charging/dp/B09QJ7ZF2Y/ref=sr_1_8?crid=2M096C61O4MLT&keywords=bags&qid=1690094639&sprefix=ba%2Caps%2C283&sr=8-8,"TRUE HUMAN Emperor Anti-Theft backpack With USB charging Port Laptop Bag, Office bag, college bag and anti -theft back pocket (Black)",₹689,3.8,2304,,,
https://www.amazon.in/Half-Moon-Resistant-Backpack-Compartment/dp/B0BJ32LQ6X/ref=sr_1_9?crid=2M096C61O4MLT&keywords=bags&qid=1690094639&sprefix=ba%2Caps%2C283&sr=8-9,Half Moon Large 37L Laptop Bag Backpack for menं Women Boys and Girls Luggage Travel Bags with 17.3 inches Laptop Compartment & Rain Cover,₹849,3.9,3218,,,
https://www.amazon.in/Gear-Black-Laptop-Backpack-LBPASPIRE0104/dp/B075MK4TXP/ref=sr_1_10?crid=2M096C61O4MLT&keywords=bags&qid=1690094639&sprefix=ba%2Caps%2C283&sr=8-10,Gear Cello 30 Ltrs Black Laptop Backpack (LBPASPIRE0104),"₹1,125",4.4,5906,,,
https://www.amazon.in/Nelle-Harper-Womens-Sling-Green/dp/B07JGQM7DC/ref=sr_1_11?crid=2M096C61O4MLT&keywords=bags&qid=1690094639&sprefix=ba%2Caps%2C283&sr=8-11,Nelle Harper Women's Handbag,₹809,3.7,1904,,,
https://www.amazon.in/Lunars-Bingo-Laptop-Resistant-48L/dp/B08YZ8FFBZ/ref=sr_1_12?crid=2M096C61O4MLT&keywords=bags&qid=1690094639&sprefix=ba%2Caps%2C283&sr=8-12,Lunar's Bingo - 48 L Laptop Office/School/Travel/Business Backpack Water Resistant - Fits Up to 15.6 Inch Laptop Notebook with 1 Year Warranty,₹899,3.9,9890,,,
https://www.amazon.in/Wesley-Spartan-Hiking-Raincover-Organiser/dp/B098QFF5TJ/ref=sr_1_13?crid=2M096C61O4MLT&keywords=bags&qid=1690094639&sprefix=ba%2Caps%2C283&sr=8-13,Wesley Spartan Unisex Travel Hiking Laptop Bag fits Upto 17.3 inch with Raincover and Internal Organiser Backpack Rucksack College Bag,₹749,4.1,1552,,,
https://www.amazon.in/gp/bestsellers/computers/1375464031/ref=sr_bs_13_1375464031_1,"American Tourister VALEX BLACK LAPTOP BACKPACK 28 Ltrs,Volume, LAPTOP COMPARTMENT, BOTTLE POCKET, FRONT ORGANIZER","₹1,199",4.3,549,,,
https://www.amazon.in/SAFARI-Ltrs-Casual-Backpack-DAYPACKNEO15CBSEB/dp/B07Q7CNPMV/ref=sr_1_15?crid=2M096C61O4MLT&keywords=bags&qid=1690094639&sprefix=ba%2Caps%2C283&sr=8-15,Safari Compact Size 15 Ltrs Casual Backpack For Unisex Adult - Sea Blue,₹248,4.0,19995,,,
https://www.amazon.in/NORTH-ZONE-Lightweight-Backpacks-Stylish/dp/B0BL3TVDK6/ref=sr_1_16?crid=2M096C61O4MLT&keywords=bags&qid=1690094639&sprefix=ba%2Caps%2C283&sr=8-16,Northzone Lightweight school bags Backpacks for Boys Girls Stylish men and women Casual Travel Laptop Bag College office (Black) 40L,₹415,4.0,121,,,
https://www.amazon.in/Wesley-Milestone-Waterproof-Backpack-Business/dp/B084JGJ8PF/ref=ice_ac_b_dpb?crid=2M096C61O4MLT&keywords=bags&qid=1690094644&sprefix=ba%2Caps%2C283&sr=8-1,Wesley Milestone 2.0 Casual Waterproof Laptop Backpack/Office Bag/School Bag/College Bag/Business Bag/Travel Backpack (Dimensions:13x18 inches) (Compatible with 39.62cm(15.6inch laptop) 30 L (Blue & black),₹550,4.3,11828,,,
https://www.amazon.in/American-Tourister-AMT-SCH-02/dp/B07CJCGM1M/ref=sr_1_2?crid=2M096C61O4MLT&keywords=bags&qid=1690094644&sprefix=ba%2Caps%2C283&sr=8-2,American Tourister Fizz Large Size 32 Ltrs Casual Backpack (BLACK),"₹1,199",4.0,54975,,,
https://www.amazon.in/Half-Moon-Backpack-Luggage-Compartment/dp/B09VCLZ3K4/ref=sr_1_3?crid=2M096C61O4MLT&keywords=bags&qid=1690094644&sprefix=ba%2Caps%2C283&sr=8-3,Half Moon Large 37L Laptop Bag Backpack for menं Women Boys and Girls Luggage Travel Bags with 17.3 inches Laptop Compartment & Rain Cover,₹849,3.9,3218,B09VCLZ3K4,Half Moon Large 37L Laptop Bag Backpack for menं Women Boys and Girls Luggage Travel Bags with 17.3 inches Laptop Compartment & Rain Cover,Visit the Half Moon Store
https://www.amazon.in/Skybags-Brat-Black-Casual-Backpack/dp/B08Z1HHHTD/ref=sr_1_4?crid=2M096C61O4MLT&keywords=bags&qid=1690094644&sprefix=ba%2Caps%2C283&sr=8-4,Skybags Brat Black 46 Cms Casual Backpack,₹669,4.1,5173,,,
https://www.amazon.in/Half-Moon-Waterproof-Backpack-Students/dp/B085MHDJ93/ref=sr_1_5?crid=2M096C61O4MLT&keywords=bags&qid=1690094644&sprefix=ba%2Caps%2C283&sr=8-5,"Half Moon 35 Ltrs Water Resistant 15.6 inch Laptop Bag for Men/Backpack for Men, Navy Blue | Office Bag for Men/Office Bag for Women with Padded Laptop Compartment | Rain Cover & Reflective Strips",₹649,3.9,16569,B085MHDJ93,"Half Moon 35 Ltrs Water Resistant 15.6 inch Laptop Bag for Men/Backpack for Men, Navy Blue | Office Bag for Men/Office Bag for Women with Padded Laptop Compartment | Rain Cover & Reflective Strips",Visit the Half Moon Store
https://www.amazon.in/NORTH-ZONE-Waterproof-Backpack-Dimensions/dp/B0BS6QQZYN/ref=sr_1_6?crid=2M096C61O4MLT&keywords=bags&qid=1690094644&sprefix=ba%2Caps%2C283&sr=8-6,NORTH ZONE Casual Waterproof Laptop Backpack/Office Bag/School Bag/College Bag/Business Bag/Travel Backpack (Dimensions:13x18 inches) (Compatible with 39.62cm(15.6inch laptop) 30 L,₹499,4.0,475,,,
https://www.amazon.in/TRUE-HUMAN-Anti-Theft-backpack-charging/dp/B09QJ7ZF2Y/ref=sr_1_7?crid=2M096C61O4MLT&keywords=bags&qid=1690094644&sprefix=ba%2Caps%2C283&sr=8-7,"TRUE HUMAN Emperor Anti-Theft backpack With USB charging Port Laptop Bag, Office bag, college bag and anti -theft back pocket (Black)",₹689,3.8,2304,,,
https://www.amazon.in/Half-Moon-Resistant-Backpack-Compartment/dp/B0BJ32LQ6X/ref=sr_1_8?crid=2M096C61O4MLT&keywords=bags&qid=1690094644&sprefix=ba%2Caps%2C283&sr=8-8,Half Moon Large 37L Laptop Bag Backpack for menं Women Boys and Girls Luggage Travel Bags with 17.3 inches Laptop Compartment & Rain Cover,₹849,3.9,3218,,,
https://www.amazon.in/Gear-Black-Laptop-Backpack-LBPASPIRE0104/dp/B075MK4TXP/ref=sr_1_9?crid=2M096C61O4MLT&keywords=bags&qid=1690094644&sprefix=ba%2Caps%2C283&sr=8-9,Gear Cello 30 Ltrs Black Laptop Backpack (LBPASPIRE0104),"₹1,125",4.4,5906,,,
https://www.amazon.in/Nelle-Harper-Womens-Sling-Green/dp/B07JGQM7DC/ref=sr_1_10?crid=2M096C61O4MLT&keywords=bags&qid=1690094644&sprefix=ba%2Caps%2C283&sr=8-10,Nelle Harper Women's Handbag,₹809,3.7,1904,B07JGQM7DC,Nelle Harper Women's Handbag,Visit the Nelle Harper Store
https://www.amazon.in/Gear-Classic-Leather-Backpack-LBPCLSLTH0201/dp/B07G4F6XFH/ref=sr_1_11?crid=2M096C61O4MLT&keywords=bags&qid=1690094644&sprefix=ba%2Caps%2C283&sr=8-11,Gear Classic 20L Faux Leather Water Resistant Anti Theft Laptop Bag/Backpack for Men/Women (Brown),₹987,4.4,5915,,,
https://www.amazon.in/Lunars-Bingo-Laptop-Resistant-48L/dp/B08YZ8FFBZ/ref=sr_1_12?crid=2M096C61O4MLT&keywords=bags&qid=1690094644&sprefix=ba%2Caps%2C283&sr=8-12,Lunar's Bingo - 48 L Laptop Office/School/Travel/Business Backpack Water Resistant - Fits Up to 15.6 Inch Laptop Notebook with 1 Year Warranty,₹899,3.9,9890,,,
https://www.amazon.in/gp/bestsellers/luggage/2917507031/ref=sr_bs_12_2917507031_1,Sfane Polyester 23cms Duffle/Shoulder/Gym Bag for Men & Women with Separate Shoe Compartment (Grey),₹427,4.3,7619,,,
https://www.amazon.in/Wesley-Spartan-Hiking-Raincover-Organiser/dp/B098QFF5TJ/ref=sr_1_14?crid=2M096C61O4MLT&keywords=bags&qid=1690094644&sprefix=ba%2Caps%2C283&sr=8-14,Wesley Spartan Unisex Travel Hiking Laptop Bag fits Upto 17.3 inch with Raincover and Internal Organiser Backpack Rucksack College Bag,₹749,4.1,1552,,,
https://www.amazon.in/gp/bestsellers/computers/1375464031/ref=sr_bs_14_1375464031_1,"American Tourister VALEX BLACK LAPTOP BACKPACK 28 Ltrs,Volume, LAPTOP COMPARTMENT, BOTTLE POCKET, FRONT ORGANIZER","₹1,199",4.3,549,,,
https://www.amazon.in/SAFARI-Ltrs-Casual-Backpack-DAYPACKNEO15CBSEB/dp/B07Q7CNPMV/ref=sr_1_16?crid=2M096C61O4MLT&keywords=bags&qid=1690094644&sprefix=ba%2Caps%2C283&sr=8-16,Safari Compact Size 15 Ltrs Casual Backpack For Unisex Adult - Sea Blue,₹248,4.0,19995,,,
https://www.amazon.in/American-Tourister-AMT-SCH-02/dp/B07CJCGM1M/ref=sr_1_1?crid=2M096C61O4MLT&keywords=bags&qid=1690094646&sprefix=ba%2Caps%2C283&sr=8-1,American Tourister Fizz Large Size 32 Ltrs Casual Backpack (BLACK),"₹1,199",4.0,54975,,,
https://www.amazon.in/Wesley-Milestone-Waterproof-Backpack-Business/dp/B084JGJ8PF/ref=ice_ac_b_dpb?crid=2M096C61O4MLT&keywords=bags&qid=1690094646&sprefix=ba%2Caps%2C283&sr=8-2,Wesley Milestone 2.0 Casual Waterproof Laptop Backpack/Office Bag/School Bag/College Bag/Business Bag/Travel Backpack (Dimensions:13x18 inches) (Compatible with 39.62cm(15.6inch laptop) 30 L (Blue & black),₹550,4.3,11828,,,
https://www.amazon.in/Half-Moon-Backpack-Luggage-Compartment/dp/B09VCLZ3K4/ref=sr_1_3?crid=2M096C61O4MLT&keywords=bags&qid=1690094646&sprefix=ba%2Caps%2C283&sr=8-3,Half Moon Large 37L Laptop Bag Backpack for menं Women Boys and Girls Luggage Travel Bags with 17.3 inches Laptop Compartment & Rain Cover,₹849,3.9,3218,,,
https://www.amazon.in/Skybags-Brat-Black-Casual-Backpack/dp/B08Z1HHHTD/ref=sr_1_4?crid=2M096C61O4MLT&keywords=bags&qid=1690094646&sprefix=ba%2Caps%2C283&sr=8-4,Skybags Brat Black 46 Cms Casual Backpack,₹669,4.1,5173,,,
https://www.amazon.in/Gear-Classic-Leather-Backpack-LBPCLSLTH0201/dp/B07G4F6XFH/ref=sr_1_5?crid=2M096C61O4MLT&keywords=bags&qid=1690094646&sprefix=ba%2Caps%2C283&sr=8-5,Gear Classic 20L Faux Leather Water Resistant Anti Theft Laptop Bag/Backpack for Men/Women (Brown),₹987,4.4,5915,,,
https://www.amazon.in/Half-Moon-Waterproof-Backpack-Students/dp/B085MHDJ93/ref=sr_1_6?crid=2M096C61O4MLT&keywords=bags&qid=1690094646&sprefix=ba%2Caps%2C283&sr=8-6,"Half Moon 35 Ltrs Water Resistant 15.6 inch Laptop Bag for Men/Backpack for Men, Navy Blue | Office Bag for Men/Office Bag for Women with Padded Laptop Compartment | Rain Cover & Reflective Strips",₹649,3.9,16569,,,
https://www.amazon.in/NORTH-ZONE-Waterproof-Backpack-Dimensions/dp/B0BS6QQZYN/ref=sr_1_7?crid=2M096C61O4MLT&keywords=bags&qid=1690094646&sprefix=ba%2Caps%2C283&sr=8-7,NORTH ZONE Casual Waterproof Laptop Backpack/Office Bag/School Bag/College Bag/Business Bag/Travel Backpack (Dimensions:13x18 inches) (Compatible with 39.62cm(15.6inch laptop) 30 L,₹499,4.0,475,,,
https://www.amazon.in/TRUE-HUMAN-Anti-Theft-backpack-charging/dp/B09QJ7ZF2Y/ref=sr_1_8?crid=2M096C61O4MLT&keywords=bags&qid=1690094646&sprefix=ba%2Caps%2C283&sr=8-8,"TRUE HUMAN Emperor Anti-Theft backpack With USB charging Port Laptop Bag, Office bag, college bag and anti -theft back pocket (Black)",₹689,3.8,2304,,,
https://www.amazon.in/Half-Moon-Resistant-Backpack-Compartment/dp/B0BJ32LQ6X/ref=sr_1_9?crid=2M096C61O4MLT&keywords=bags&qid=1690094646&sprefix=ba%2Caps%2C283&sr=8-9,Half Moon Large 37L Laptop Bag Backpack for menं Women Boys and Girls Luggage Travel Bags with 17.3 inches Laptop Compartment & Rain Cover,₹849,3.9,3218,,,
https://www.amazon.in/Gear-Black-Laptop-Backpack-LBPASPIRE0104/dp/B075MK4TXP/ref=sr_1_10?crid=2M096C61O4MLT&keywords=bags&qid=1690094646&sprefix=ba%2Caps%2C283&sr=8-10,Gear Cello 30 Ltrs Black Laptop Backpack (LBPASPIRE0104),"₹1,125",4.4,5906,,,
https://www.amazon.in/Nelle-Harper-Womens-Sling-Green/dp/B07JGQM7DC/ref=sr_1_11?crid=2M096C61O4MLT&keywords=bags&qid=1690094646&sprefix=ba%2Caps%2C283&sr=8-11,Nelle Harper Women's Handbag,₹809,3.7,1904,,,
https://www.amazon.in/Lunars-Bingo-Laptop-Resistant-48L/dp/B08YZ8FFBZ/ref=sr_1_12?crid=2M096C61O4MLT&keywords=bags&qid=1690094646&sprefix=ba%2Caps%2C283&sr=8-12,Lunar's Bingo - 48 L Laptop Office/School/Travel/Business Backpack Water Resistant - Fits Up to 15.6 Inch Laptop Notebook with 1 Year Warranty,₹899,3.9,9890,B08YZ8FFBZ,Lunar's Bingo - 48 L Laptop Office/School/Travel/Business Backpack Water Resistant - Fits Up to 15.6 Inch Laptop Notebook with 1 Year Warranty,Visit the Lunar's Store
https://www.amazon.in/gp/bestsellers/luggage/2917507031/ref=sr_bs_12_2917507031_1,Sfane Polyester 23cms Duffle/Shoulder/Gym Bag for Men & Women with Separate Shoe Compartment (Grey),₹427,4.3,7619,,,
https://www.amazon.in/Wesley-Spartan-Hiking-Raincover-Organiser/dp/B098QFF5TJ/ref=sr_1_14?crid=2M096C61O4MLT&keywords=bags&qid=1690094646&sprefix=ba%2Caps%2C283&sr=8-14,Wesley Spartan Unisex Travel Hiking Laptop Bag fits Upto 17.3 inch with Raincover and Internal Organiser Backpack Rucksack College Bag,₹749,4.1,1552,,,
https://www.amazon.in/gp/bestsellers/computers/1375464031/ref=sr_bs_14_1375464031_1,"American Tourister VALEX BLACK LAPTOP BACKPACK 28 Ltrs,Volume, LAPTOP COMPARTMENT, BOTTLE POCKET, FRONT ORGANIZER","₹1,199",4.3,549,,,
https://www.amazon.in/SAFARI-Ltrs-Casual-Backpack-DAYPACKNEO15CBSEB/dp/B07Q7CNPMV/ref=sr_1_16?crid=2M096C61O4MLT&keywords=bags&qid=1690094646&sprefix=ba%2Caps%2C283&sr=8-16,Safari Compact Size 15 Ltrs Casual Backpack For Unisex Adult - Sea Blue,₹248,4.0,19995,,,
https://www.amazon.in/American-Tourister-AMT-SCH-02/dp/B07CJCGM1M/ref=sr_1_1?crid=2M096C61O4MLT&keywords=bags&qid=1690094648&sprefix=ba%2Caps%2C283&sr=8-1,American Tourister Fizz Large Size 32 Ltrs Casual Backpack (BLACK),"₹1,199",4.0,54975,,,
https://www.amazon.in/Wesley-Milestone-Waterproof-Backpack-Business/dp/B084JGJ8PF/ref=ice_ac_b_dpb?crid=2M096C61O4MLT&keywords=bags&qid=1690094648&sprefix=ba%2Caps%2C283&sr=8-2,Wesley Milestone 2.0 Casual Waterproof Laptop Backpack/Office Bag/School Bag/College Bag/Business Bag/Travel Backpack (Dimensions:13x18 inches) (Compatible with 39.62cm(15.6inch laptop) 30 L (Blue & black),₹550,4.3,11828,,,
https://www.amazon.in/Half-Moon-Backpack-Luggage-Compartment/dp/B09VCLZ3K4/ref=sr_1_3?crid=2M096C61O4MLT&keywords=bags&qid=1690094648&sprefix=ba%2Caps%2C283&sr=8-3,Half Moon Large 37L Laptop Bag Backpack for menं Women Boys and Girls Luggage Travel Bags with 17.3 inches Laptop Compartment & Rain Cover,₹849,3.9,3218,,,
https://www.amazon.in/Skybags-Brat-Black-Casual-Backpack/dp/B08Z1HHHTD/ref=sr_1_4?crid=2M096C61O4MLT&keywords=bags&qid=1690094648&sprefix=ba%2Caps%2C283&sr=8-4,Skybags Brat Black 46 Cms Casual Backpack,₹669,4.1,5173,,,
https://www.amazon.in/Gear-Classic-Leather-Backpack-LBPCLSLTH0201/dp/B07G4F6XFH/ref=sr_1_5?crid=2M096C61O4MLT&keywords=bags&qid=1690094648&sprefix=ba%2Caps%2C283&sr=8-5,Gear Classic 20L Faux Leather Water Resistant Anti Theft Laptop Bag/Backpack for Men/Women (Brown),₹987,4.4,5915,,,
https://www.amazon.in/Half-Moon-Waterproof-Backpack-Students/dp/B085MHDJ93/ref=sr_1_6?crid=2M096C61O4MLT&keywords=bags&qid=1690094648&sprefix=ba%2Caps%2C283&sr=8-6,"Half Moon 35 Ltrs Water Resistant 15.6 inch Laptop Bag for Men/Backpack for Men, Navy Blue | Office Bag for Men/Office Bag for Women with Padded Laptop Compartment | Rain Cover & Reflective Strips",₹649,3.9,16569,,,
https://www.amazon.in/NORTH-ZONE-Waterproof-Backpack-Dimensions/dp/B0BS6QQZYN/ref=sr_1_7?crid=2M096C61O4MLT&keywords=bags&qid=1690094648&sprefix=ba%2Caps%2C283&sr=8-7,NORTH ZONE Casual Waterproof Laptop Backpack/Office Bag/School Bag/College Bag/Business Bag/Travel Backpack (Dimensions:13x18 inches) (Compatible with 39.62cm(15.6inch laptop) 30 L,₹499,4.0,475,,,
https://www.amazon.in/TRUE-HUMAN-Anti-Theft-backpack-charging/dp/B09QJ7ZF2Y/ref=sr_1_8?crid=2M096C61O4MLT&keywords=bags&qid=1690094648&sprefix=ba%2Caps%2C283&sr=8-8,"TRUE HUMAN Emperor Anti-Theft backpack With USB charging Port Laptop Bag, Office bag, college bag and anti -theft back pocket (Black)",₹689,3.8,2304,,,
https://www.amazon.in/Half-Moon-Resistant-Backpack-Compartment/dp/B0BJ32LQ6X/ref=sr_1_9?crid=2M096C61O4MLT&keywords=bags&qid=1690094648&sprefix=ba%2Caps%2C283&sr=8-9,Half Moon Large 37L Laptop Bag Backpack for menं Women Boys and Girls Luggage Travel Bags with 17.3 inches Laptop Compartment & Rain Cover,₹849,3.9,3218,,,
https://www.amazon.in/Gear-Black-Laptop-Backpack-LBPASPIRE0104/dp/B075MK4TXP/ref=sr_1_10?crid=2M096C61O4MLT&keywords=bags&qid=1690094648&sprefix=ba%2Caps%2C283&sr=8-10,Gear Cello 30 Ltrs Black Laptop Backpack (LBPASPIRE0104),"₹1,125",4.4,5906,,,
https://www.amazon.in/Nelle-Harper-Womens-Sling-Green/dp/B07JGQM7DC/ref=sr_1_11?crid=2M096C61O4MLT&keywords=bags&qid=1690094648&sprefix=ba%2Caps%2C283&sr=8-11,Nelle Harper Women's Handbag,₹809,3.7,1904,,,
https://www.amazon.in/Lunars-Bingo-Laptop-Resistant-48L/dp/B08YZ8FFBZ/ref=sr_1_12?crid=2M096C61O4MLT&keywords=bags&qid=1690094648&sprefix=ba%2Caps%2C283&sr=8-12,Lunar's Bingo - 48 L Laptop Office/School/Travel/Business Backpack Water Resistant - Fits Up to 15.6 Inch Laptop Notebook with 1 Year Warranty,₹899,3.9,9890,,,
https://www.amazon.in/Wesley-Spartan-Hiking-Raincover-Organiser/dp/B098QFF5TJ/ref=sr_1_13?crid=2M096C61O4MLT&keywords=bags&qid=1690094648&sprefix=ba%2Caps%2C283&sr=8-13,Wesley Spartan Unisex Travel Hiking Laptop Bag fits Upto 17.3 inch with Raincover and Internal Organiser Backpack Rucksack College Bag,₹749,4.1,1552,,,
https://www.amazon.in/gp/bestsellers/computers/1375464031/ref=sr_bs_13_1375464031_1,"American Tourister VALEX BLACK LAPTOP BACKPACK 28 Ltrs,Volume, LAPTOP COMPARTMENT, BOTTLE POCKET, FRONT ORGANIZER","₹1,199",4.3,549,,,
https://www.amazon.in/SAFARI-Ltrs-Casual-Backpack-DAYPACKNEO15CBSEB/dp/B07Q7CNPMV/ref=sr_1_15?crid=2M096C61O4MLT&keywords=bags&qid=1690094648&sprefix=ba%2Caps%2C283&sr=8-15,Safari Compact Size 15 Ltrs Casual Backpack For Unisex Adult - Sea Blue,₹248,4.0,19995,,,
https://www.amazon.in/NORTH-ZONE-Lightweight-Backpacks-Stylish/dp/B0BL3TVDK6/ref=sr_1_16?crid=2M096C61O4MLT&keywords=bags&qid=1690094648&sprefix=ba%2Caps%2C283&sr=8-16,Northzone Lightweight school bags Backpacks for Boys Girls Stylish men and women Casual Travel Laptop Bag College office (Black) 40L,₹415,4.0,121,,,
https://www.amazon.in/American-Tourister-AMT-SCH-02/dp/B07CJCGM1M/ref=sr_1_1?crid=2M096C61O4MLT&keywords=bags&qid=1690094649&sprefix=ba%2Caps%2C283&sr=8-1,American Tourister Fizz Large Size 32 Ltrs Casual Backpack (BLACK),"₹1,199",4.0,54975,,,
https://www.amazon.in/Wesley-Milestone-Waterproof-Backpack-Business/dp/B084JGJ8PF/ref=ice_ac_b_dpb?crid=2M096C61O4MLT&keywords=bags&qid=1690094649&sprefix=ba%2Caps%2C283&sr=8-2,Wesley Milestone 2.0 Casual Waterproof Laptop Backpack/Office Bag/School Bag/College Bag/Business Bag/Travel Backpack (Dimensions:13x18 inches) (Compatible with 39.62cm(15.6inch laptop) 30 L (Blue & black),₹550,4.3,11828,B084JGJ8PF,Wesley Milestone 2.0 Casual Waterproof Laptop Backpack/Office Bag/School Bag/College Bag/Business Bag/Travel Backpack (Dimensions:13x18 inches) (Compatible with 39.62cm(15.6inch laptop) 30 L (Blue & black),Brand: Wesley
https://www.amazon.in/Half-Moon-Backpack-Luggage-Compartment/dp/B09VCLZ3K4/ref=sr_1_3?crid=2M096C61O4MLT&keywords=bags&qid=1690094649&sprefix=ba%2Caps%2C283&sr=8-3,Half Moon Large 37L Laptop Bag Backpack for menं Women Boys and Girls Luggage Travel Bags with 17.3 inches Laptop Compartment & Rain Cover,₹849,3.9,3218,,,
https://www.amazon.in/Skybags-Brat-Black-Casual-Backpack/dp/B08Z1HHHTD/ref=sr_1_4?crid=2M096C61O4MLT&keywords=bags&qid=1690094649&sprefix=ba%2Caps%2C283&sr=8-4,Skybags Brat Black 46 Cms Casual Backpack,₹669,4.1,5173,,,
https://www.amazon.in/Gear-Classic-Leather-Backpack-LBPCLSLTH0201/dp/B07G4F6XFH/ref=sr_1_5?crid=2M096C61O4MLT&keywords=bags&qid=1690094649&sprefix=ba%2Caps%2C283&sr=8-5,Gear Classic 20L Faux Leather Water Resistant Anti Theft Laptop Bag/Backpack for Men/Women (Brown),₹987,4.4,5915,,,
https://www.amazon.in/Half-Moon-Waterproof-Backpack-Students/dp/B085MHDJ93/ref=sr_1_6?crid=2M096C61O4MLT&keywords=bags&qid=1690094649&sprefix=ba%2Caps%2C283&sr=8-6,"Half Moon 35 Ltrs Water Resistant 15.6 inch Laptop Bag for Men/Backpack for Men, Navy Blue | Office Bag for Men/Office Bag for Women with Padded Laptop Compartment | Rain Cover & Reflective Strips",₹649,3.9,16569,,,
https://www.amazon.in/NORTH-ZONE-Waterproof-Backpack-Dimensions/dp/B0BS6QQZYN/ref=sr_1_7?crid=2M096C61O4MLT&keywords=bags&qid=1690094649&sprefix=ba%2Caps%2C283&sr=8-7,NORTH ZONE Casual Waterproof Laptop Backpack/Office Bag/School Bag/College Bag/Business Bag/Travel Backpack (Dimensions:13x18 inches) (Compatible with 39.62cm(15.6inch laptop) 30 L,₹499,4.0,475,,,
https://www.amazon.in/TRUE-HUMAN-Anti-Theft-backpack-charging/dp/B09QJ7ZF2Y/ref=sr_1_8?crid=2M096C61O4MLT&keywords=bags&qid=1690094649&sprefix=ba%2Caps%2C283&sr=8-8,"TRUE HUMAN Emperor Anti-Theft backpack With USB charging Port Laptop Bag, Office bag, college bag and anti -theft back pocket (Black)",₹689,3.8,2304,,,
https://www.amazon.in/Half-Moon-Resistant-Backpack-Compartment/dp/B0BJ32LQ6X/ref=sr_1_9?crid=2M096C61O4MLT&keywords=bags&qid=1690094649&sprefix=ba%2Caps%2C283&sr=8-9,Half Moon Large 37L Laptop Bag Backpack for menं Women Boys and Girls Luggage Travel Bags with 17.3 inches Laptop Compartment & Rain Cover,₹849,3.9,3218,,,
https://www.amazon.in/Gear-Black-Laptop-Backpack-LBPASPIRE0104/dp/B075MK4TXP/ref=sr_1_10?crid=2M096C61O4MLT&keywords=bags&qid=1690094649&sprefix=ba%2Caps%2C283&sr=8-10,Gear Cello 30 Ltrs Black Laptop Backpack (LBPASPIRE0104),"₹1,125",4.4,5906,,,
https://www.amazon.in/Nelle-Harper-Womens-Sling-Green/dp/B07JGQM7DC/ref=sr_1_11?crid=2M096C61O4MLT&keywords=bags&qid=1690094649&sprefix=ba%2Caps%2C283&sr=8-11,Nelle Harper Women's Handbag,₹809,3.7,1904,,,
https://www.amazon.in/Lunars-Bingo-Laptop-Resistant-48L/dp/B08YZ8FFBZ/ref=sr_1_12?crid=2M096C61O4MLT&keywords=bags&qid=1690094649&sprefix=ba%2Caps%2C283&sr=8-12,Lunar's Bingo - 48 L Laptop Office/School/Travel/Business Backpack Water Resistant - Fits Up to 15.6 Inch Laptop Notebook with 1 Year Warranty,₹899,3.9,9890,,,
https://www.amazon.in/gp/bestsellers/luggage/2917507031/ref=sr_bs_12_2917507031_1,Sfane Polyester 23cms Duffle/Shoulder/Gym Bag for Men & Women with Separate Shoe Compartment (Grey),₹427,4.3,7619,,,
https://www.amazon.in/Wesley-Spartan-Hiking-Raincover-Organiser/dp/B098QFF5TJ/ref=sr_1_14?crid=2M096C61O4MLT&keywords=bags&qid=1690094649&sprefix=ba%2Caps%2C283&sr=8-14,Wesley Spartan Unisex Travel Hiking Laptop Bag fits Upto 17.3 inch with Raincover and Internal Organiser Backpack Rucksack College Bag,₹749,4.1,1552,B098QFF5TJ,Wesley Spartan Unisex Travel Hiking Laptop Bag fits Upto 17.3 inch with Raincover and Internal Organiser Backpack Rucksack College Bag,Brand: Wesley
https://www.amazon.in/gp/bestsellers/computers/1375464031/ref=sr_bs_14_1375464031_1,"American Tourister VALEX BLACK LAPTOP BACKPACK 28 Ltrs,Volume, LAPTOP COMPARTMENT, BOTTLE POCKET, FRONT ORGANIZER","₹1,199",4.3,549,,,
https://www.amazon.in/SAFARI-Ltrs-Casual-Backpack-DAYPACKNEO15CBSEB/dp/B07Q7CNPMV/ref=sr_1_16?crid=2M096C61O4MLT&keywords=bags&qid=1690094649&sprefix=ba%2Caps%2C283&sr=8-16,Safari Compact Size 15 Ltrs Casual Backpack For Unisex Adult - Sea Blue,₹248,4.0,19995,,,
https://www.amazon.in/American-Tourister-AMT-SCH-02/dp/B07CJCGM1M/ref=sr_1_1?crid=2M096C61O4MLT&keywords=bags&qid=1690094650&sprefix=ba%2Caps%2C283&sr=8-1,American Tourister Fizz Large Size 32 Ltrs Casual Backpack (BLACK),"₹1,199",4.0,54975,,,
https://www.amazon.in/Wesley-Milestone-Waterproof-Backpack-Business/dp/B084JGJ8PF/ref=ice_ac_b_dpb?crid=2M096C61O4MLT&keywords=bags&qid=1690094650&sprefix=ba%2Caps%2C283&sr=8-2,Wesley Milestone 2.0 Casual Waterproof Laptop Backpack/Office Bag/School Bag/College Bag/Business Bag/Travel Backpack (Dimensions:13x18 inches) (Compatible with 39.62cm(15.6inch laptop) 30 L (Blue & black),₹550,4.3,11828,,,
https://www.amazon.in/Half-Moon-Backpack-Luggage-Compartment/dp/B09VCLZ3K4/ref=sr_1_3?crid=2M096C61O4MLT&keywords=bags&qid=1690094650&sprefix=ba%2Caps%2C283&sr=8-3,Half Moon Large 37L Laptop Bag Backpack for menं Women Boys and Girls Luggage Travel Bags with 17.3 inches Laptop Compartment & Rain Cover,₹849,3.9,3218,,,
https://www.amazon.in/Skybags-Brat-Black-Casual-Backpack/dp/B08Z1HHHTD/ref=sr_1_4?crid=2M096C61O4MLT&keywords=bags&qid=1690094650&sprefix=ba%2Caps%2C283&sr=8-4,Skybags Brat Black 46 Cms Casual Backpack,₹669,4.1,5173,,,
https://www.amazon.in/Gear-Classic-Leather-Backpack-LBPCLSLTH0201/dp/B07G4F6XFH/ref=sr_1_5?crid=2M096C61O4MLT&keywords=bags&qid=1690094650&sprefix=ba%2Caps%2C283&sr=8-5,Gear Classic 20L Faux Leather Water Resistant Anti Theft Laptop Bag/Backpack for Men/Women (Brown),₹987,4.4,5915,,,
https://www.amazon.in/Half-Moon-Waterproof-Backpack-Students/dp/B085MHDJ93/ref=sr_1_6?crid=2M096C61O4MLT&keywords=bags&qid=1690094650&sprefix=ba%2Caps%2C283&sr=8-6,"Half Moon 35 Ltrs Water Resistant 15.6 inch Laptop Bag for Men/Backpack for Men, Navy Blue | Office Bag for Men/Office Bag for Women with Padded Laptop Compartment | Rain Cover & Reflective Strips",₹649,3.9,16569,,,
https://www.amazon.in/NORTH-ZONE-Waterproof-Backpack-Dimensions/dp/B0BS6QQZYN/ref=sr_1_7?crid=2M096C61O4MLT&keywords=bags&qid=1690094650&sprefix=ba%2Caps%2C283&sr=8-7,NORTH ZONE Casual Waterproof Laptop Backpack/Office Bag/School Bag/College Bag/Business Bag/Travel Backpack (Dimensions:13x18 inches) (Compatible with 39.62cm(15.6inch laptop) 30 L,₹499,4.0,475,B0BS6QQZYN,NORTH ZONE Casual Waterproof Laptop Backpack/Office Bag/School Bag/College Bag/Business Bag/Travel Backpack (Dimensions:13x18 inches) (Compatible with 39.62cm(15.6inch laptop) 30 L,Brand: NORTH ZONE
https://www.amazon.in/TRUE-HUMAN-Anti-Theft-backpack-charging/dp/B09QJ7ZF2Y/ref=sr_1_8?crid=2M096C61O4MLT&keywords=bags&qid=1690094650&sprefix=ba%2Caps%2C283&sr=8-8,"TRUE HUMAN Emperor Anti-Theft backpack With USB charging Port Laptop Bag, Office bag, college bag and anti -theft back pocket (Black)",₹689,3.8,2304,,,
https://www.amazon.in/Half-Moon-Resistant-Backpack-Compartment/dp/B0BJ32LQ6X/ref=sr_1_9?crid=2M096C61O4MLT&keywords=bags&qid=1690094650&sprefix=ba%2Caps%2C283&sr=8-9,Half Moon Large 37L Laptop Bag Backpack for menं Women Boys and Girls Luggage Travel Bags with 17.3 inches Laptop Compartment & Rain Cover,₹849,3.9,3218,B0BJ32LQ6X,Half Moon Large 37L Laptop Bag Backpack for menं Women Boys and Girls Luggage Travel Bags with 17.3 inches Laptop Compartment & Rain Cover,Visit the Half Moon Store
https://www.amazon.in/Gear-Black-Laptop-Backpack-LBPASPIRE0104/dp/B075MK4TXP/ref=sr_1_10?crid=2M096C61O4MLT&keywords=bags&qid=1690094650&sprefix=ba%2Caps%2C283&sr=8-10,Gear Cello 30 Ltrs Black Laptop Backpack (LBPASPIRE0104),"₹1,125",4.4,5906,,,
https://www.amazon.in/Nelle-Harper-Womens-Sling-Green/dp/B07JGQM7DC/ref=sr_1_11?crid=2M096C61O4MLT&keywords=bags&qid=1690094650&sprefix=ba%2Caps%2C283&sr=8-11,Nelle Harper Women's Handbag,₹809,3.7,1904,,,
https://www.amazon.in/Lunars-Bingo-Laptop-Resistant-48L/dp/B08YZ8FFBZ/ref=sr_1_12?crid=2M096C61O4MLT&keywords=bags&qid=1690094650&sprefix=ba%2Caps%2C283&sr=8-12,Lunar's Bingo - 48 L Laptop Office/School/Travel/Business Backpack Water Resistant - Fits Up to 15.6 Inch Laptop Notebook with 1 Year Warranty,₹899,3.9,9890,,,
https://www.amazon.in/Wesley-Spartan-Hiking-Raincover-Organiser/dp/B098QFF5TJ/ref=sr_1_13?crid=2M096C61O4MLT&keywords=bags&qid=1690094650&sprefix=ba%2Caps%2C283&sr=8-13,Wesley Spartan Unisex Travel Hiking Laptop Bag fits Upto 17.3 inch with Raincover and Internal Organiser Backpack Rucksack College Bag,₹749,4.1,1552,,,
https://www.amazon.in/gp/bestsellers/computers/1375464031/ref=sr_bs_13_1375464031_1,"American Tourister VALEX BLACK LAPTOP BACKPACK 28 Ltrs,Volume, LAPTOP COMPARTMENT, BOTTLE POCKET, FRONT ORGANIZER","₹1,199",4.3,549,,,
https://www.amazon.in/SAFARI-Ltrs-Casual-Backpack-DAYPACKNEO15CBSEB/dp/B07Q7CNPMV/ref=sr_1_15?crid=2M096C61O4MLT&keywords=bags&qid=1690094650&sprefix=ba%2Caps%2C283&sr=8-15,Safari Compact Size 15 Ltrs Casual Backpack For Unisex Adult - Sea Blue,₹248,4.0,19995,,,
https://www.amazon.in/NORTH-ZONE-Lightweight-Backpacks-Stylish/dp/B0BL3TVDK6/ref=sr_1_16?crid=2M096C61O4MLT&keywords=bags&qid=1690094650&sprefix=ba%2Caps%2C283&sr=8-16,Northzone Lightweight school bags Backpacks for Boys Girls Stylish men and women Casual Travel Laptop Bag College office (Black) 40L,₹415,4.0,121,,,
https://www.amazon.in/American-Tourister-AMT-SCH-02/dp/B07CJCGM1M/ref=sr_1_1?crid=2M096C61O4MLT&keywords=bags&qid=1690094651&sprefix=ba%2Caps%2C283&sr=8-1,American Tourister Fizz Large Size 32 Ltrs Casual Backpack (BLACK),"₹1,199",4.0,54975,,,
https://www.amazon.in/Wesley-Milestone-Waterproof-Backpack-Business/dp/B084JGJ8PF/ref=ice_ac_b_dpb?crid=2M096C61O4MLT&keywords=bags&qid=1690094651&sprefix=ba%2Caps%2C283&sr=8-2,Wesley Milestone 2.0 Casual Waterproof Laptop Backpack/Office Bag/School Bag/College Bag/Business Bag/Travel Backpack (Dimensions:13x18 inches) (Compatible with 39.62cm(15.6inch laptop) 30 L (Blue & black),₹550,4.3,11828,,,
https://www.amazon.in/Half-Moon-Backpack-Luggage-Compartment/dp/B09VCLZ3K4/ref=sr_1_3?crid=2M096C61O4MLT&keywords=bags&qid=1690094651&sprefix=ba%2Caps%2C283&sr=8-3,Half Moon Large 37L Laptop Bag Backpack for menं Women Boys and Girls Luggage Travel Bags with 17.3 inches Laptop Compartment & Rain Cover,₹849,3.9,3218,B09VCLZ3K4,Half Moon Large 37L Laptop Bag Backpack for menं Women Boys and Girls Luggage Travel Bags with 17.3 inches Laptop Compartment & Rain Cover,Visit the Half Moon Store
https://www.amazon.in/Skybags-Brat-Black-Casual-Backpack/dp/B08Z1HHHTD/ref=sr_1_4?crid=2M096C61O4MLT&keywords=bags&qid=1690094651&sprefix=ba%2Caps%2C283&sr=8-4,Skybags Brat Black 46 Cms Casual Backpack,₹669,4.1,5173,,,
https://www.amazon.in/Gear-Classic-Leather-Backpack-LBPCLSLTH0201/dp/B07G4F6XFH/ref=sr_1_5?crid=2M096C61O4MLT&keywords=bags&qid=1690094651&sprefix=ba%2Caps%2C283&sr=8-5,Gear Classic 20L Faux Leather Water Resistant Anti Theft Laptop Bag/Backpack for Men/Women (Brown),₹987,4.4,5915,,,
https://www.amazon.in/Half-Moon-Waterproof-Backpack-Students/dp/B085MHDJ93/ref=sr_1_6?crid=2M096C61O4MLT&keywords=bags&qid=1690094651&sprefix=ba%2Caps%2C283&sr=8-6,"Half Moon 35 Ltrs Water Resistant 15.6 inch Laptop Bag for Men/Backpack for Men, Navy Blue | Office Bag for Men/Office Bag for Women with Padded Laptop Compartment | Rain Cover & Reflective Strips",₹649,3.9,16569,,,
https://www.amazon.in/NORTH-ZONE-Waterproof-Backpack-Dimensions/dp/B0BS6QQZYN/ref=sr_1_7?crid=2M096C61O4MLT&keywords=bags&qid=1690094651&sprefix=ba%2Caps%2C283&sr=8-7,NORTH ZONE Casual Waterproof Laptop Backpack/Office Bag/School Bag/College Bag/Business Bag/Travel Backpack (Dimensions:13x18 inches) (Compatible with 39.62cm(15.6inch laptop) 30 L,₹499,4.0,475,,,
https://www.amazon.in/TRUE-HUMAN-Anti-Theft-backpack-charging/dp/B09QJ7ZF2Y/ref=sr_1_8?crid=2M096C61O4MLT&keywords=bags&qid=1690094651&sprefix=ba%2Caps%2C283&sr=8-8,"TRUE HUMAN Emperor Anti-Theft backpack With USB charging Port Laptop Bag, Office bag, college bag and anti -theft back pocket (Black)",₹689,3.8,2304,,,
https://www.amazon.in/Half-Moon-Resistant-Backpack-Compartment/dp/B0BJ32LQ6X/ref=sr_1_9?crid=2M096C61O4MLT&keywords=bags&qid=1690094651&sprefix=ba%2Caps%2C283&sr=8-9,Half Moon Large 37L Laptop Bag Backpack for menं Women Boys and Girls Luggage Travel Bags with 17.3 inches Laptop Compartment & Rain Cover,₹849,3.9,3218,,,
https://www.amazon.in/Gear-Black-Laptop-Backpack-LBPASPIRE0104/dp/B075MK4TXP/ref=sr_1_10?crid=2M096C61O4MLT&keywords=bags&qid=1690094651&sprefix=ba%2Caps%2C283&sr=8-10,Gear Cello 30 Ltrs Black Laptop Backpack (LBPASPIRE0104),"₹1,125",4.4,5906,,,
https://www.amazon.in/Nelle-Harper-Womens-Sling-Green/dp/B07JGQM7DC/ref=sr_1_11?crid=2M096C61O4MLT&keywords=bags&qid=1690094651&sprefix=ba%2Caps%2C283&sr=8-11,Nelle Harper Women's Handbag,₹809,3.7,1904,,,
https://www.amazon.in/Lunars-Bingo-Laptop-Resistant-48L/dp/B08YZ8FFBZ/ref=sr_1_12?crid=2M096C61O4MLT&keywords=bags&qid=1690094651&sprefix=ba%2Caps%2C283&sr=8-12,Lunar's Bingo - 48 L Laptop Office/School/Travel/Business Backpack Water Resistant - Fits Up to 15.6 Inch Laptop Notebook with 1 Year Warranty,₹899,3.9,9890,,,
https://www.amazon.in/Wesley-Spartan-Hiking-Raincover-Organiser/dp/B098QFF5TJ/ref=sr_1_13?crid=2M096C61O4MLT&keywords=bags&qid=1690094651&sprefix=ba%2Caps%2C283&sr=8-13,Wesley Spartan Unisex Travel Hiking Laptop Bag fits Upto 17.3 inch with Raincover and Internal Organiser Backpack Rucksack College Bag,₹749,4.1,1552,,,
https://www.amazon.in/gp/bestsellers/computers/1375464031/ref=sr_bs_13_1375464031_1,"American Tourister VALEX BLACK LAPTOP BACKPACK 28 Ltrs,Volume, LAPTOP COMPARTMENT, BOTTLE POCKET, FRONT ORGANIZER","₹1,199",4.3,549,,,
https://www.amazon.in/SAFARI-Ltrs-Casual-Backpack-DAYPACKNEO15CBSEB/dp/B07Q7CNPMV/ref=sr_1_15?crid=2M096C61O4MLT&keywords=bags&qid=1690094651&sprefix=ba%2Caps%2C283&sr=8-15,Safari Compact Size 15 Ltrs Casual Backpack For Unisex Adult - Sea Blue,₹248,4.0,19995,,,
https://www.amazon.in/NORTH-ZONE-Lightweight-Backpacks-Stylish/dp/B0BL3TVDK6/ref=sr_1_16?crid=2M096C61O4MLT&keywords=bags&qid=1690094651&sprefix=ba%2Caps%2C283&sr=8-16,Northzone Lightweight school bags Backpacks for Boys Girls Stylish men and women Casual Travel Laptop Bag College office (Black) 40L,₹415,4.0,121,B0BL3TVDK6,Northzone Lightweight school bags Backpacks for Boys Girls Stylish men and women Casual Travel Laptop Bag College office (Black) 40L,Brand: NORTH ZONE
https://www.amazon.in/American-Tourister-AMT-SCH-02/dp/B07CJCGM1M/ref=sr_1_1?crid=2M096C61O4MLT&keywords=bags&qid=1690094653&sprefix=ba%2Caps%2C283&sr=8-1,American Tourister Fizz Large Size 32 Ltrs Casual Backpack (BLACK),"₹1,199",4.0,54975,,,
https://www.amazon.in/Wesley-Milestone-Waterproof-Backpack-Business/dp/B084JGJ8PF/ref=ice_ac_b_dpb?crid=2M096C61O4MLT&keywords=bags&qid=1690094653&sprefix=ba%2Caps%2C283&sr=8-2,Wesley Milestone 2.0 Casual Waterproof Laptop Backpack/Office Bag/School Bag/College Bag/Business Bag/Travel Backpack (Dimensions:13x18 inches) (Compatible with 39.62cm(15.6inch laptop) 30 L (Blue & black),₹550,4.3,11828,,,
https://www.amazon.in/Half-Moon-Backpack-Luggage-Compartment/dp/B09VCLZ3K4/ref=sr_1_3?crid=2M096C61O4MLT&keywords=bags&qid=1690094653&sprefix=ba%2Caps%2C283&sr=8-3,Half Moon Large 37L Laptop Bag Backpack for menं Women Boys and Girls Luggage Travel Bags with 17.3 inches Laptop Compartment & Rain Cover,₹849,3.9,3218,,,
https://www.amazon.in/Skybags-Brat-Black-Casual-Backpack/dp/B08Z1HHHTD/ref=sr_1_4?crid=2M096C61O4MLT&keywords=bags&qid=1690094653&sprefix=ba%2Caps%2C283&sr=8-4,Skybags Brat Black 46 Cms Casual Backpack,₹669,4.1,5173,,,
https://www.amazon.in/Gear-Classic-Leather-Backpack-LBPCLSLTH0201/dp/B07G4F6XFH/ref=sr_1_5?crid=2M096C61O4MLT&keywords=bags&qid=1690094653&sprefix=ba%2Caps%2C283&sr=8-5,Gear Classic 20L Faux Leather Water Resistant Anti Theft Laptop Bag/Backpack for Men/Women (Brown),₹987,4.4,5915,,,
https://www.amazon.in/Half-Moon-Waterproof-Backpack-Students/dp/B085MHDJ93/ref=sr_1_6?crid=2M096C61O4MLT&keywords=bags&qid=1690094653&sprefix=ba%2Caps%2C283&sr=8-6,"Half Moon 35 Ltrs Water Resistant 15.6 inch Laptop Bag for Men/Backpack for Men, Navy Blue | Office Bag for Men/Office Bag for Women with Padded Laptop Compartment | Rain Cover & Reflective Strips",₹649,3.9,16569,,,
https://www.amazon.in/NORTH-ZONE-Waterproof-Backpack-Dimensions/dp/B0BS6QQZYN/ref=sr_1_7?crid=2M096C61O4MLT&keywords=bags&qid=1690094653&sprefix=ba%2Caps%2C283&sr=8-7,NORTH ZONE Casual Waterproof Laptop Backpack/Office Bag/School Bag/College Bag/Business Bag/Travel Backpack (Dimensions:13x18 inches) (Compatible with 39.62cm(15.6inch laptop) 30 L,₹499,4.0,475,,,
https://www.amazon.in/TRUE-HUMAN-Anti-Theft-backpack-charging/dp/B09QJ7ZF2Y/ref=sr_1_8?crid=2M096C61O4MLT&keywords=bags&qid=1690094653&sprefix=ba%2Caps%2C283&sr=8-8,"TRUE HUMAN Emperor Anti-Theft backpack With USB charging Port Laptop Bag, Office bag, college bag and anti -theft back pocket (Black)",₹689,3.8,2304,,,
https://www.amazon.in/Half-Moon-Resistant-Backpack-Compartment/dp/B0BJ32LQ6X/ref=sr_1_9?crid=2M096C61O4MLT&keywords=bags&qid=1690094653&sprefix=ba%2Caps%2C283&sr=8-9,Half Moon Large 37L Laptop Bag Backpack for menं Women Boys and Girls Luggage Travel Bags with 17.3 inches Laptop Compartment & Rain Cover,₹849,3.9,3218,B0BJ32LQ6X,Half Moon Large 37L Laptop Bag Backpack for menं Women Boys and Girls Luggage Travel Bags with 17.3 inches Laptop Compartment & Rain Cover,Visit the Half Moon Store
https://www.amazon.in/Gear-Black-Laptop-Backpack-LBPASPIRE0104/dp/B075MK4TXP/ref=sr_1_10?crid=2M096C61O4MLT&keywords=bags&qid=1690094653&sprefix=ba%2Caps%2C283&sr=8-10,Gear Cello 30 Ltrs Black Laptop Backpack (LBPASPIRE0104),"₹1,125",4.4,5906,B075MK4TXP,Gear Cello 30 Ltrs Black Laptop Backpack (LBPASPIRE0104),Brand: Gear
https://www.amazon.in/Nelle-Harper-Womens-Sling-Green/dp/B07JGQM7DC/ref=sr_1_11?crid=2M096C61O4MLT&keywords=bags&qid=1690094653&sprefix=ba%2Caps%2C283&sr=8-11,Nelle Harper Women's Handbag,₹809,3.7,1904,,,
https://www.amazon.in/Lunars-Bingo-Laptop-Resistant-48L/dp/B08YZ8FFBZ/ref=sr_1_12?crid=2M096C61O4MLT&keywords=bags&qid=1690094653&sprefix=ba%2Caps%2C283&sr=8-12,Lunar's Bingo - 48 L Laptop Office/School/Travel/Business Backpack Water Resistant - Fits Up to 15.6 Inch Laptop Notebook with 1 Year Warranty,₹899,3.9,9890,B08YZ8FFBZ,Lunar's Bingo - 48 L Laptop Office/School/Travel/Business Backpack Water Resistant - Fits Up to 15.6 Inch Laptop Notebook with 1 Year Warranty,Visit the Lunar's Store
https://www.amazon.in/gp/bestsellers/luggage/2917507031/ref=sr_bs_12_2917507031_1,Sfane Polyester 23cms Duffle/Shoulder/Gym Bag for Men & Women with Separate Shoe Compartment (Grey),₹427,4.3,7619,,,
https://www.amazon.in/Wesley-Spartan-Hiking-Raincover-Organiser/dp/B098QFF5TJ/ref=sr_1_14?crid=2M096C61O4MLT&keywords=bags&qid=1690094653&sprefix=ba%2Caps%2C283&sr=8-14,Wesley Spartan Unisex Travel Hiking Laptop Bag fits Upto 17.3 inch with Raincover and Internal Organiser Backpack Rucksack College Bag,₹749,4.1,1552,B098QFF5TJ,Wesley Spartan Unisex Travel Hiking Laptop Bag fits Upto 17.3 inch with Raincover and Internal Organiser Backpack Rucksack College Bag,Brand: Wesley
https://www.amazon.in/gp/bestsellers/computers/1375464031/ref=sr_bs_14_1375464031_1,"American Tourister VALEX BLACK LAPTOP BACKPACK 28 Ltrs,Volume, LAPTOP COMPARTMENT, BOTTLE POCKET, FRONT ORGANIZER","₹1,199",4.3,549,,,
https://www.amazon.in/SAFARI-Ltrs-Casual-Backpack-DAYPACKNEO15CBSEB/dp/B07Q7CNPMV/ref=sr_1_16?crid=2M096C61O4MLT&keywords=bags&qid=1690094653&sprefix=ba%2Caps%2C283&sr=8-16,Safari Compact Size 15 Ltrs Casual Backpack For Unisex Adult - Sea Blue,₹248,4.0,19995,B07Q7CNPMV,Safari Compact Size 15 Ltrs Casual Backpack For Unisex Adult - Sea Blue,Visit the Safari Store
